k,val_silhouette,consensus_stability_ari,prediction_strength,gap,gap_std,test_ari,test_nmi,test_ami,test_macro_f1,test_hungarian_accuracy,test_majority_accuracy
2,0.3510818389644447,0.9991103043392985,0.9930758096977857,0.7047275861300744,0.002190218477539219,0.36365900300458653,0.5563489492804581,0.5556552345894649,0.23273914192784653,0.4000000000000001,0.4000000000000001
3,0.3283438662220855,0.9952075536315064,0.9812792505014192,0.8869275323181629,0.0014155434187997924,0.5908983765744238,0.7318599891827064,0.7311420771540562,0.45888317707854603,0.5946666666666667,0.5946666666666667
4,0.2770143615144096,0.9956051877793811,0.9714609884827317,0.973420593363362,0.002600618065908408,0.7269884140604398,0.8170027160636212,0.816334488547228,0.7092046208868986,0.7768888888888889,0.7768888888888889
5,0.2542466099919657,0.8692144820442086,0.5060119604356935,1.0534034076723477,0.0008657371587352351,0.6968353814716274,0.7523293179996561,0.7512074803084617,0.8091493510547233,0.8168888888888889,0.8168888888888889
6,0.28548869465749943,0.9879311214169281,0.9729245710847471,1.1432618574666948,0.0024632858668770462,0.6375419006891473,0.6811475784424696,0.6794520670274616,0.7596352440640443,0.7164444444444444,0.8008888888888889
7,0.2997742359819182,0.9863724380302895,0.8883788475669587,1.20871478604084,0.002159369430623123,0.595198764960963,0.6702389976968043,0.6682091099323744,0.7225184719904743,0.6539259259259259,0.8112592592592592
8,0.3097679901155938,0.9221686523174879,0.8290657274750766,1.246154622261325,0.0028036893343967415,0.5791327393235858,0.6491470102088116,0.6466750463252623,0.7109280570979655,0.6382222222222222,0.8026666666666666
9,0.31305193509052803,0.8778177549945362,0.4273168009284276,1.2917906245857598,0.001128884896673505,0.5247187380224236,0.6379741347242,0.6351391131052735,0.6846066480392446,0.5940740740740741,0.8082962962962963
10,0.2974301441981055,0.8628657844466515,0.4067911080966109,1.3242706837840226,0.0021841735864620722,0.44859273949969736,0.6104705233896598,0.6071357136888144,0.647101199523309,0.5342222222222222,0.7952592592592592
