feature_subset,pipeline,seed,n_features,distinct_train_vectors,runtime_sec,n_clusters,noise_ratio,ari,nmi,ami,macro_f1,silhouette,davies_bouldin,calinski_harabasz,selected_k,val_silhouette,selected_n_neighbors,selected_min_cluster_size,selected_min_samples,umap_fallback_ratio,selected_latent_dim
F0,A1,42,19,3247,4.93,3,0.0,0.5230403484373427,0.6655888312358036,0.6646847233273988,0.4356840555464351,0.43992455853801377,1.1299596914516634,798.6817020051456,3.0,0.43828886274614093,,,,0.0,
F0,A1,43,19,3247,2.88,3,0.0,0.5230403484373427,0.6655888312358036,0.6646847233273989,0.4356840555464351,0.43992455853801377,1.1299596914516634,798.6817020051456,3.0,0.43828886274614093,,,,0.0,
F0,A1,44,19,3247,3.05,3,0.0,0.5230403484373427,0.6655888312358036,0.6646847233273988,0.4356840555464351,0.43992455853801377,1.1299596914516632,798.6817020051454,3.0,0.43828886274614093,,,,0.0,
F0,A2,42,19,3247,62.47,19,0.2088888888888889,0.11221255666241857,0.32541853948330945,0.314674794972502,0.28957942766627254,0.6009057760238647,0.6604926412464118,543.9724264627727,,0.5830289125442505,15.0,100.0,25.0,0.0,
F0,A2,43,19,3247,35.21,5,0.4408888888888889,0.11062420045560879,0.2614816868540492,0.2573095127794383,0.32951561751147035,0.6071509718894958,0.6149692865684979,971.211986321853,,0.600273609161377,50.0,500.0,5.0,0.0,
F0,A2,44,19,3247,48.45,6,0.39644444444444443,0.168545874774538,0.31792369423661415,0.31349919065343185,0.3368050432483511,0.6154353022575378,0.5569652576972954,1210.3142847611662,,0.6166519522666931,50.0,250.0,25.0,0.0,
F0,A3,42,19,3247,14.09,10,0.0,0.3481564421760914,0.5182404357505507,0.5141355326190894,0.594171661351796,0.5098477602005005,0.6773266840923876,1738.235020913748,10.0,0.5002122521400452,,,,0.0,2.0
F0,A3,43,19,3247,13.87,3,0.0,0.49717371135503957,0.6033597970280804,0.6022997094321779,0.4208708010276414,0.49684223532676697,0.7316870397673467,1198.8002268536575,3.0,0.4930780231952667,,,,0.0,2.0
F0,A3,44,19,3247,13.97,10,0.0,0.33344101493305955,0.5161844827578101,0.5120656000401693,0.5775717055512489,0.5237323045730591,0.7057487670114587,1526.9730937225202,10.0,0.5321528315544128,,,,0.0,2.0
F2,A1,42,5,82,4.44,10,0.0,0.34526523856125696,0.5048697378953232,0.5001144696361709,0.5844621194127357,0.7662825843669818,0.5373079090327989,2336.909969255112,10.0,0.7685601357020522,,,,0.0,
F2,A1,43,5,82,4.66,10,0.0,0.34526523856125696,0.5048697378953231,0.5001144696361708,0.5844621194127357,0.7662825843669818,0.537307909032799,2336.909969255113,10.0,0.7685601357020522,,,,0.0,
F2,A1,44,5,82,3.42,10,0.0,0.3468799790615439,0.5132570885719887,0.5086400347033149,0.5844621194127357,0.768249613762501,0.46369248508175226,2358.713264601352,10.0,0.7669330030499055,,,,0.0,
F2,A2,42,5,82,149.78,12,0.36177777777777775,0.06588608547562003,0.23540822818447607,0.22649725892884479,0.2926868652185296,0.3903464674949646,1.0956482501622509,192.31482908323125,,0.3718310594558716,15.0,100.0,25.0,0.0,
F2,A2,43,5,82,148.87,20,0.3128888888888889,0.0727821905656906,0.2570546291643711,0.24390190743812853,0.22414837295741244,0.5443614721298218,0.8839612234062276,250.13804466687589,,0.51109379529953,15.0,100.0,25.0,0.0,
F2,A2,44,5,82,131.36,17,0.21333333333333335,0.11837042056414102,0.3073522666148719,0.2970614489876723,0.35053591235540377,0.5253397822380066,0.9730874833333443,265.0909554578954,,0.5070704817771912,15.0,100.0,25.0,0.0,
F2,A3,42,5,82,6.78,10,0.0,0.33715152169459484,0.4872209414049262,0.4826097429774335,0.5697219482515432,0.8598980903625488,0.4012674006169294,7918.601129895984,10.0,0.8536996841430664,,,,0.0,2.0
F2,A3,43,5,82,5.39,10,0.0,0.3381898460344663,0.4877701418105047,0.4831281238999588,0.5697219482515432,0.8619865775108337,0.4140621103584241,6933.539039788852,10.0,0.8568154573440552,,,,0.0,2.0
F2,A3,44,5,82,5.3,10,0.0,0.33804251437215355,0.48703621598427704,0.482430706401745,0.5718774792977692,0.8336312770843506,0.521149683063338,4685.06368657411,10.0,0.8298396468162537,,,,0.0,4.0
F3,A1,42,4,91,2.18,10,0.0,0.32596346520489516,0.5287555440659903,0.5242596401170695,0.4903506574665285,0.7540848594841302,0.6765599928161394,2812.7822030171797,10.0,0.7555877790278719,,,,0.0,
F3,A1,43,4,91,1.97,10,0.0,0.3237749271247622,0.5186938261712246,0.5141603956523809,0.4980430778936104,0.7680417942551273,0.6724687621419605,2998.294130709811,10.0,0.7607077764113662,,,,0.0,
F3,A1,44,4,91,1.01,10,0.0,0.32937264826434315,0.5329555729485419,0.528449891675178,0.4916043448264852,0.7564132177175501,0.6865712450306375,2842.9288389647136,10.0,0.7579822503045333,,,,0.0,
F3,A2,42,4,91,145.89,2,0.31022222222222223,0.17570239148147684,0.2657110940363983,0.263645287964137,0.16942020399340302,0.3340267837047577,0.8717371948173215,309.6294024853804,,0.3577994406223297,50.0,250.0,25.0,0.0,
F3,A2,43,4,91,145.19,5,0.14666666666666667,0.21071004556834555,0.2706513629382355,0.26648311714347733,0.2930092403232783,0.3682088851928711,0.9866815688852009,291.1665931957259,,0.39745160937309265,50.0,250.0,25.0,0.0,
F3,A2,44,4,91,136.22,18,0.39644444444444443,0.05053103552736844,0.22464485280665347,0.21139152926020088,0.2488156095413146,0.5002399682998657,0.8974947907820998,295.39469743988064,,0.4912276864051819,15.0,100.0,25.0,0.0,
F3,A3,42,4,91,5.17,8,0.0,0.3462082795375744,0.5477744348581454,0.5443440702597756,0.5175961663040585,0.8092259168624878,0.607809915842438,11079.734804922702,8.0,0.8116512298583984,,,,0.0,2.0
F3,A3,43,4,91,5.31,7,0.0,0.34513525002202694,0.54383256997929,0.5408222542996877,0.507885584475205,0.8155081868171692,0.5099316894514482,14197.993573687829,7.0,0.8122295141220093,,,,0.0,4.0
F3,A3,44,4,91,5.11,7,0.0,0.34130437485911186,0.5353322020634769,0.5322690667526896,0.5078600001125049,0.8226301074028015,0.5063721068216044,14854.17348408851,7.0,0.8255897164344788,,,,0.0,4.0
F4,A1,42,5,22,0.87,10,0.0,0.44949744406981956,0.5812469312533233,0.5769228964846572,0.41335620810387497,0.9654534118105053,0.22287755188390346,13965.637290897552,10.0,0.9565939208059054,,,,0.0,
F4,A1,43,5,22,3.26,10,0.0,0.44949744406981956,0.5812469312533234,0.5769228964846572,0.41335620810387497,0.9654534118105053,0.22287755188390346,13965.637290897555,10.0,0.9565939208059054,,,,0.0,
F4,A1,44,5,22,0.61,10,0.0,0.44949744406981956,0.5812469312533234,0.5769228964846572,0.41335620810387497,0.9654534118105053,0.22287755188390346,13965.637290897552,10.0,0.9565939208059054,,,,0.0,
F4,A2,42,5,22,161.27,7,0.384,0.10981888415506302,0.25872698635490327,0.2532824875408251,0.3202648099880132,0.5338268876075745,1.056998695501388,354.204254373689,,0.5379396677017212,50.0,250.0,25.0,0.0,
F4,A2,43,5,22,159.4,6,0.488,0.06059192561844559,0.1923422301360132,0.18680576831449813,0.2906146913309941,0.5681488513946533,0.7606504687396521,398.5810308248049,,0.5830013751983643,50.0,250.0,25.0,0.0,
F4,A2,44,5,22,154.21,18,0.21955555555555556,0.10539360378498211,0.2841970886017984,0.27269404585218743,0.3102079617992433,0.4891745448112488,0.8682698814758961,255.28536168331016,,0.5010807514190674,15.0,100.0,25.0,0.0,
F4,A3,42,5,22,4.85,7,0.0,0.4478763291184373,0.5608621191352273,0.557803175605787,0.4121835722107871,0.97770756483078,0.09104719955879163,161601.03430654417,7.0,0.9800978899002075,,,,0.0,4.0
F4,A3,43,5,22,5.06,8,0.0,0.4481786451933995,0.5612659258572918,0.5576892445485977,0.40987173620899153,0.9718001484870911,0.06728146031981631,125092.65914057942,8.0,0.9753904342651367,,,,0.0,2.0
F4,A3,44,5,22,5.01,10,0.0,0.4493052902486435,0.5809899327644347,0.5766621264975776,0.41018850300398446,0.97110915184021,0.10710102022672818,135584.15687499405,10.0,0.9706546068191528,,,,0.0,4.0
F6,A1,42,9,443,1.08,4,0.0,0.4842465696469736,0.6355628805087357,0.6341319377089348,0.4103725933685448,0.565161609372385,0.7475445943054544,982.6882743080074,4.0,0.563941476457121,,,,0.0,
F6,A1,43,9,443,0.89,4,0.0,0.4842465696469736,0.6355628805087357,0.6341319377089347,0.4103725933685448,0.565161609372385,0.7475445943054544,982.6882743080074,4.0,0.563941476457121,,,,0.0,
F6,A1,44,9,443,2.88,4,0.0,0.4842465696469736,0.6355628805087357,0.6341319377089348,0.4103725933685448,0.565161609372385,0.7475445943054544,982.6882743080074,4.0,0.563941476457121,,,,0.0,
F6,A2,42,9,443,114.14,4,0.4817777777777778,0.09586353527215999,0.20317260158920417,0.19927397885475182,0.28778165942613676,0.3927733898162842,1.1275729046996588,274.45431148055974,,0.4152344763278961,50.0,250.0,25.0,0.0,
F6,A2,43,9,443,116.1,15,0.4497777777777778,0.07472590116444304,0.2686949456762297,0.2576655243898471,0.2921473064833588,0.4651432931423187,0.8978224855942077,195.01359037324585,,0.4686899483203888,15.0,100.0,5.0,0.0,
F6,A2,44,9,443,110.88,19,0.21244444444444444,0.12611601494028174,0.3456261192029422,0.3349439494771424,0.33087506768685476,0.7025165557861328,0.5922393734186543,742.3942593792208,,0.7224118709564209,50.0,100.0,25.0,0.0,
F6,A3,42,9,443,8.56,10,0.0,0.4229290013053044,0.5831925892130204,0.5794182611860988,0.6364424451973664,0.7456855177879333,0.4483711704783195,3780.3817859261967,10.0,0.7334570288658142,,,,0.0,2.0
F6,A3,43,9,443,7.88,10,0.0,0.4192386573564628,0.5829828931692592,0.5792019510245668,0.6369322134323087,0.7279849052429199,0.44845909164436726,3660.5402185051034,10.0,0.7191275954246521,,,,0.0,2.0
F6,A3,44,9,443,8.67,10,0.0,0.38569228228413777,0.5554930252500385,0.5514803441451429,0.6060112669708175,0.7480965852737427,0.4544548308059878,3860.087284575701,10.0,0.7298069000244141,,,,0.0,2.0
F7,A1,42,9,268,1.22,8,0.0,0.4177439295042636,0.5769956451871489,0.5738743453110338,0.6260791208168986,0.5887888439166129,0.7895070242238675,1234.210019434823,8.0,0.5981842393449821,,,,0.0,
F7,A1,43,9,268,4.36,8,0.0,0.4177439295042636,0.5769956451871489,0.5738743453110338,0.6260791208168986,0.5887888439166129,0.7895070242238675,1234.210019434823,8.0,0.5981842393449821,,,,0.0,
F7,A1,44,9,268,4.25,8,0.0,0.4177439295042636,0.5769956451871489,0.5738743453110338,0.6260791208168986,0.5887888439166129,0.7895070242238675,1234.210019434823,8.0,0.5981842393449821,,,,0.0,
F7,A2,42,9,268,122.1,18,0.43022222222222223,0.09753443754399956,0.3470121403432533,0.3356238687461206,0.30899286008688726,0.6182408332824707,0.8397016373266053,306.83955896021166,,0.6355856657028198,15.0,100.0,25.0,0.0,
F7,A2,43,9,268,129.85,6,0.3768888888888889,0.17474346707400382,0.32554189075068585,0.3211461227461853,0.3513604855267721,0.5200774073600769,0.8815261024535864,396.7834918344729,,0.5409528017044067,50.0,250.0,5.0,0.0,
F7,A2,44,9,268,128.07,16,0.4053333333333333,0.1070819221107062,0.30842732400314404,0.2976343964386884,0.33638076377234616,0.5255810022354126,0.9285294372658206,257.23482032502795,,0.543696403503418,15.0,100.0,5.0,0.0,
F7,A3,42,9,268,8.57,7,0.0,0.5032748701258124,0.6531706265635241,0.6508340571884895,0.5653820788353532,0.7629691958427429,0.4058302821795749,6486.747641854534,7.0,0.7575768232345581,,,,0.0,2.0
F7,A3,43,9,268,8.78,10,0.0,0.4679361013613845,0.633823984042039,0.6304900567635126,0.6470314807010012,0.7481958866119385,0.36881055096832094,9774.921254343313,10.0,0.7596606612205505,,,,0.0,2.0
F7,A3,44,9,268,9.22,10,0.0,0.45567263171807715,0.6201969445343083,0.6167506724953006,0.6312680215037494,0.7377068400382996,0.3949231042358131,6538.805477608825,10.0,0.7438367009162903,,,,0.0,2.0
F11,A1,42,14,723,1.49,4,0.0,0.48473876130119564,0.634052078074247,0.6326179261346185,0.4116138280781487,0.5384947514611976,1.0056088691913474,823.6422686711096,4.0,0.5307293978547368,,,,0.0,
F11,A1,43,14,723,2.3,4,0.0,0.48473876130119564,0.634052078074247,0.6326179261346185,0.4116138280781487,0.5384947514611976,1.0056088691913474,823.6422686711096,4.0,0.5307293978547368,,,,0.0,
F11,A1,44,14,723,4.33,4,0.0,0.48473876130119564,0.634052078074247,0.6326179261346185,0.4116138280781487,0.5384947514611976,1.0056088691913474,823.6422686711096,4.0,0.5307293978547368,,,,0.0,
F11,A2,42,14,723,108.6,5,0.4737777777777778,0.09761993055298093,0.2516412205436891,0.24732083430210225,0.3561498115292713,0.595533013343811,0.7734377911842303,717.5933077311186,,0.584867000579834,50.0,250.0,5.0,0.0,
F11,A2,43,14,723,108.61,7,0.34844444444444445,0.16668788693132316,0.3144060634551145,0.3093906197857157,0.36814350673956586,0.6653177738189697,0.6885960150041186,1260.578781911888,,0.6660441160202026,50.0,250.0,25.0,0.0,
F11,A2,44,14,723,104.81,7,0.33511111111111114,0.14816177371197603,0.28500074861146385,0.2797931414615696,0.3325315345696473,0.6364208459854126,0.7161532966554871,1231.9579130933291,,0.6438506841659546,50.0,250.0,25.0,0.0,
F11,A3,42,14,723,13.09,5,0.0,0.4373943872319801,0.5585493883822168,0.5564577349288241,0.5341809877193409,0.6715697646141052,0.5916666714893548,2404.2612355376746,5.0,0.6557137966156006,,,,0.0,2.0
F11,A3,43,14,723,10.53,4,0.0,0.48838112366907077,0.6169233635772182,0.615509748547722,0.56141362935911,0.6620275378227234,0.5850566240747997,2263.5798871017746,4.0,0.6518766283988953,,,,0.0,2.0
F11,A3,44,14,723,8.9,9,0.0,0.36837011082118737,0.5185789679656995,0.5147227993590675,0.5906987906899008,0.6590335369110107,0.5574434304832978,2971.8638089532446,9.0,0.6575459241867065,,,,0.0,2.0
F13,A1,42,14,3211,1.78,3,0.0,0.5153630546010856,0.6579791304980014,0.6570533491995917,0.43284140239950386,0.43060891640825716,1.0970847657437597,794.3669080331456,3.0,0.4375796231565849,,,,0.0,
F13,A1,43,14,3211,5.68,3,0.0,0.5153630546010856,0.6579791304980014,0.6570533491995917,0.43284140239950386,0.43060891640825716,1.0970847657437597,794.3669080331456,3.0,0.4375796231565849,,,,0.0,
F13,A1,44,14,3211,4.29,3,0.0,0.5153630546010856,0.6579791304980014,0.6570533491995917,0.43284140239950386,0.43060891640825716,1.0970847657437597,794.3669080331456,3.0,0.4375796231565849,,,,0.0,
F13,A2,42,14,3211,32.4,8,0.18755555555555556,0.21024077826756302,0.3443770929434962,0.3393064428658579,0.44602054309040584,0.6623075604438782,0.5650385774600271,952.5718540009176,,0.6550989151000977,50.0,250.0,5.0,0.0,
F13,A2,43,14,3211,32.27,11,0.11288888888888889,0.21805325912535473,0.3923806080142162,0.38633501955224453,0.43243162655262946,0.6364179849624634,0.551715204159517,834.8104284105427,,0.6385390162467957,50.0,250.0,5.0,0.0,
F13,A2,44,14,3211,32.1,20,0.22666666666666666,0.1036721262560659,0.3231538143929496,0.3116176702783812,0.30202196958622185,0.6511327028274536,0.5453696549571099,721.5163035757995,,0.6558485627174377,15.0,100.0,25.0,0.0,
F13,A3,42,14,3211,9.75,10,0.0,0.33928062701610867,0.5146212828054494,0.5105133970664977,0.5775534461896672,0.519899845123291,0.6899265608042853,1792.3411351661173,10.0,0.5100699067115784,,,,0.0,2.0
F13,A3,43,14,3211,9.66,6,0.0,0.3987740165176644,0.54256470240823,0.5400730141967732,0.6022896005471863,0.5245225429534912,0.7095196736042224,1486.5847041239924,6.0,0.5255107283592224,,,,0.0,2.0
F13,A3,44,14,3211,8.89,10,0.0,0.3392746654102057,0.5346176892767885,0.5306178432815861,0.5753833503141907,0.5216442942619324,0.6661662039072347,1571.7459180180476,10.0,0.5070195198059082,,,,0.0,2.0
F15,A1,42,14,3201,1.86,2,0.0,0.3610757741530116,0.5504276216364192,0.5497252825887663,0.2322619545003973,0.4516208645319006,0.9324167395322792,1146.4715943448048,2.0,0.46163596270903257,,,,0.0,
F15,A1,43,14,3201,2.65,2,0.0,0.3610757741530116,0.5504276216364192,0.5497252825887663,0.2322619545003973,0.4516208645319006,0.9324167395322792,1146.4715943448048,2.0,0.46163596270903257,,,,0.0,
F15,A1,44,14,3201,0.96,2,0.0,0.3610757741530116,0.5504276216364192,0.5497252825887663,0.2322619545003973,0.4516208645319006,0.9324167395322792,1146.4715943448048,2.0,0.46163596270903257,,,,0.0,
F15,A2,42,14,3201,32.67,7,0.24888888888888888,0.1749684423133593,0.3295176570789819,0.3247780697363334,0.4337453615747983,0.6435604095458984,0.682333828371674,1024.28678232801,,0.6521267890930176,50.0,250.0,5.0,0.0,
F15,A2,43,14,3201,32.1,19,0.23822222222222222,0.1383369075660046,0.31348617290554565,0.30199147682652544,0.32404417759301996,0.5606259703636169,0.6971723034503393,366.8516807651867,,0.5899358987808228,15.0,100.0,25.0,0.0,
F15,A2,44,14,3201,32.59,20,0.2817777777777778,0.0902036516591092,0.29201042425484613,0.27954325086889537,0.2887438448990728,0.594618558883667,0.7017858523694251,507.561136306246,,0.5944554805755615,15.0,100.0,25.0,0.0,
F15,A3,42,14,3201,9.84,8,0.0,0.3379219395304661,0.48305398995992993,0.47949554086560126,0.5753764832864814,0.5663844347000122,0.5731947592524069,1888.5108886262349,8.0,0.575169026851654,,,,0.0,2.0
F15,A3,43,14,3201,9.44,10,0.0,0.3138972328624094,0.5022187306647725,0.49797809340691673,0.5383055761161221,0.564415454864502,0.6624665501874004,1995.3843387366815,10.0,0.5767902731895447,,,,0.0,2.0
F15,A3,44,14,3201,9.01,10,0.0,0.3372441326127405,0.5192318136917922,0.5151607594157205,0.5455930497511929,0.6182841062545776,0.5317754554190727,2512.9294754729012,10.0,0.6158511638641357,,,,0.0,2.0
